<?xml version="1.0" encoding="UTF-8"?>
<configuration>
	<property name="LOG_FILE" value="/u01/app/memberprofileservice/logs/memberprofileservice.log" />
	<appender name="mpsClientRFA"
		class="ch.qos.logback.core.rolling.RollingFileAppender">
		<file>${LOG_FILE}</file>
		<rollingPolicy class="ch.qos.logback.core.rolling.FixedWindowRollingPolicy">
			<maxIndex>10</maxIndex>
			<FileNamePattern>/u01/app/memberprofileservice/logs/memberprofileservice.log.%i</FileNamePattern>
		</rollingPolicy>
		<triggeringPolicy
			class="ch.qos.logback.core.rolling.SizeBasedTriggeringPolicy">
			<maxFileSize>400MB</maxFileSize>
		</triggeringPolicy>
		<encoder>
			<pattern>%d [%t] %-5p %c - %m%n</pattern>
		</encoder>
	</appender>


	<!-- Authorization logging -->
	<appender name="authorizationLog"
			  class="ch.qos.logback.core.rolling.RollingFileAppender">
		<file>/u01/app/memberprofileservice/logs/authorization.log</file>
		<rollingPolicy class="ch.qos.logback.core.rolling.FixedWindowRollingPolicy">
			<maxIndex>20</maxIndex>
			<FileNamePattern>/u01/app/memberprofileservice/logs/authorization.log.%i</FileNamePattern>
		</rollingPolicy>
		<triggeringPolicy
				class="ch.qos.logback.core.rolling.SizeBasedTriggeringPolicy">
			<maxFileSize>400MB</maxFileSize>
		</triggeringPolicy>
		<encoder>
			<pattern>%d{yyyy/MM/dd:HH:mm:ss:SSS} , %m%n</pattern>
		</encoder>
	</appender>

	<logger name="org.springframework" level="error" additivity="false">
		<appender-ref ref="mpsClientRFA" />
	</logger>
	<logger name="net.ahm" level="debug" additivity="false">
		<appender-ref ref="mpsClientRFA" />
	</logger>

	<logger name="org.springframework.security.oauth2" level="info" additivity="false">
		<appender-ref ref="mpsClientRFA" />
	</logger>

	<logger name="authorizationLog" level="info" additivity="false">
		<appender-ref ref="authorizationLog" />
	</logger>

	<root level="warn">
		<appender-ref ref="mpsClientRFA" />
	</root>

</configuration>
